{"cameraMode":{"drawMode":0,"name":"Shaded","section":"Shading Mode"},"sceneLighting":false,"audioPlay":false,"sceneViewState":{"showFog":true,"showMaterialUpdate":true,"showSkybox":false,"showFlares":true,"showImageEffects":true,"showParticleSystems":true},"in2DMode":false,"pivot":{"x":33.676025390625,"y":168.64476013183595,"z":143.27993774414063},"rotation":{"x":-0.011221121996641159,"y":0.9812077879905701,"z":-0.06195472553372383,"w":-0.182686448097229},"size":5.857884883880615,"orthographic":false}