{"cameraMode":{"drawMode":0,"name":"Shaded","section":"Shading Mode"},"sceneLighting":true,"audioPlay":false,"sceneViewState":{"showFog":true,"showMaterialUpdate":true,"showSkybox":true,"showFlares":true,"showImageEffects":true,"showParticleSystems":true},"in2DMode":false,"pivot":{"x":90.68223571777344,"y":132.60194396972657,"z":240.23712158203126},"rotation":{"x":0.06089310348033905,"y":-0.5355016589164734,"z":0.038904208689928058,"w":0.8415562510490418},"size":22.989999771118165,"orthographic":false}